"","Date","Year","Month","ONI","phase","SOI","NPGO"
"1",1951-04-01,1951,"Apr",0.176666666666667,"Neutral Phase",-0.3,-0.56114016
"2",1951-08-01,1951,"Aug",0.886666666666667,"Warm Phase/El Nino",-0.2,-1.1748547
"3",1951-12-01,1951,"Dec",0.806666666666667,"Warm Phase/El Nino",-0.7,-1.2247459
"4",1951-02-01,1951,"Feb",-0.54,"Cool Phase/La Nina",0.9,-0.41382623
"5",1951-07-01,1951,"Jul",0.7,"Warm Phase/El Nino",-1,-1.1039251
"6",1951-06-01,1951,"Jun",0.586666666666667,"Warm Phase/El Nino",0.2,-1.4352384
"7",1951-03-01,1951,"Mar",-0.166666666666667,"Neutral Phase",-0.1,-0.56954018
"8",1951-05-01,1951,"May",0.363333333333333,"Neutral Phase",-0.7,-1.0714146
"9",1951-11-01,1951,"Nov",1.04,"Warm Phase/El Nino",-0.8,-1.0120413
"10",1951-10-01,1951,"Oct",1.15333333333333,"Warm Phase/El Nino",-1,-1.0693902
"11",1951-09-01,1951,"Sep",0.993333333333333,"Warm Phase/El Nino",-1.1,-1.4195152
"12",1952-04-01,1952,"Apr",0.296666666666667,"Neutral Phase",-0.2,-0.43371917
"13",1952-08-01,1952,"Aug",0.00333333333333333,"Neutral Phase",0.1,-0.89742819
"14",1952-12-01,1952,"Dec",0.15,"Neutral Phase",-1.2,0.84508038
"15",1952-02-01,1952,"Feb",0.366666666666667,"Neutral Phase",-0.6,-1.0909977
"16",1952-01-01,1952,"Jan",0.533333333333333,"Warm Phase/El Nino",-0.9,-1.3350548
"17",1952-07-01,1952,"Jul",-0.0766666666666667,"Neutral Phase",0.5,-1.3356465
"18",1952-06-01,1952,"Jun",0,"Neutral Phase",0.7,-0.97265631
"19",1952-03-01,1952,"Mar",0.343333333333333,"Neutral Phase",0.5,-0.66951595
"20",1952-05-01,1952,"May",0.206666666666667,"Neutral Phase",0.8,-0.62650865
"21",1952-11-01,1952,"Nov",0.0466666666666667,"Neutral Phase",0,-0.31621332
"22",1952-10-01,1952,"Oct",0.106666666666667,"Neutral Phase",0.4,-0.25781197
"23",1952-09-01,1952,"Sep",0.153333333333333,"Neutral Phase",-0.2,-0.58261822
"24",1953-04-01,1953,"Apr",0.656666666666667,"Warm Phase/El Nino",0.2,1.2502004
"25",1953-08-01,1953,"Aug",0.726666666666667,"Warm Phase/El Nino",-1.2,0.6189014
"26",1953-12-01,1953,"Dec",0.816666666666667,"Warm Phase/El Nino",-0.5,1.418955
"27",1953-02-01,1953,"Feb",0.596666666666667,"Warm Phase/El Nino",-0.5,0.74797162
"28",1953-01-01,1953,"Jan",0.4,"Neutral Phase",0.3,0.94395233
"29",1953-07-01,1953,"Jul",0.743333333333333,"Warm Phase/El Nino",0,1.0407542
"30",1953-06-01,1953,"Jun",0.77,"Warm Phase/El Nino",0.1,1.056728
"31",1953-03-01,1953,"Mar",0.623333333333333,"Warm Phase/El Nino",-0.2,1.2173325
"32",1953-05-01,1953,"May",0.75,"Warm Phase/El Nino",-1.7,1.2707073
"33",1953-11-01,1953,"Nov",0.836666666666667,"Warm Phase/El Nino",-0.3,2.0496203
"34",1953-10-01,1953,"Oct",0.843333333333333,"Warm Phase/El Nino",0.1,1.0815173
"35",1953-09-01,1953,"Sep",0.78,"Warm Phase/El Nino",-1.2,0.29073101
"36",1954-04-01,1954,"Apr",-0.41,"Neutral Phase",0.6,-0.37253308
"37",1954-08-01,1954,"Aug",-0.843333333333333,"Cool Phase/La Nina",1.1,-0.13153747
"38",1954-12-01,1954,"Dec",-0.656666666666667,"Cool Phase/La Nina",1.4,0.40412547
"39",1954-02-01,1954,"Feb",0.466666666666667,"Neutral Phase",-0.3,1.156514
"40",1954-01-01,1954,"Jan",0.756666666666667,"Warm Phase/El Nino",0.7,1.0939573
"41",1954-07-01,1954,"Jul",-0.64,"Cool Phase/La Nina",0.4,-0.035203404
"42",1954-06-01,1954,"Jun",-0.496666666666667,"Neutral Phase",0.1,0.17838068
"43",1954-03-01,1954,"Mar",-0.0466666666666666,"Neutral Phase",0.3,0.07937343
"44",1954-05-01,1954,"May",-0.536666666666667,"Cool Phase/La Nina",0.5,-0.16404023
"45",1954-11-01,1954,"Nov",-0.73,"Cool Phase/La Nina",0.1,0.35474005
"46",1954-10-01,1954,"Oct",-0.77,"Cool Phase/La Nina",0.3,0.18381241
"47",1954-09-01,1954,"Sep",-0.896666666666667,"Cool Phase/La Nina",0.2,-0.26280328
"48",1955-04-01,1955,"Apr",-0.803333333333333,"Cool Phase/La Nina",-0.1,0.0407132
"49",1955-08-01,1955,"Aug",-0.75,"Cool Phase/La Nina",1.5,0.2745267
"50",1955-12-01,1955,"Dec",-1.47,"Cool Phase/La Nina",1,-0.5180143
"51",1955-02-01,1955,"Feb",-0.616666666666667,"Cool Phase/La Nina",1.9,-0.24927549
"52",1955-01-01,1955,"Jan",-0.68,"Cool Phase/La Nina",-0.5,0.32620733
"53",1955-07-01,1955,"Jul",-0.683333333333333,"Cool Phase/La Nina",1.6,-0.088022544
"54",1955-06-01,1955,"Jun",-0.72,"Cool Phase/La Nina",1.3,-0.015894133
"55",1955-03-01,1955,"Mar",-0.69,"Cool Phase/La Nina",0.6,-0.2159785
"56",1955-05-01,1955,"May",-0.786666666666667,"Cool Phase/La Nina",1,0.26141044
"57",1955-11-01,1955,"Nov",-1.67333333333333,"Cool Phase/La Nina",1.2,-0.080028769
"58",1955-10-01,1955,"Oct",-1.42666666666667,"Cool Phase/La Nina",1.5,-0.52419361
"59",1955-09-01,1955,"Sep",-1.09,"Cool Phase/La Nina",1.3,-0.11022702
"60",1956-04-01,1956,"Apr",-0.533333333333333,"Cool Phase/La Nina",0.9,-0.038234934
"61",1956-08-01,1956,"Aug",-0.553333333333333,"Cool Phase/La Nina",1.2,0.53975909
"62",1956-12-01,1956,"Dec",-0.433333333333333,"Neutral Phase",1.1,-0.76721175
"63",1956-02-01,1956,"Feb",-0.756666666666667,"Cool Phase/La Nina",1.6,-0.13795981
"64",1956-01-01,1956,"Jan",-1.11333333333333,"Cool Phase/La Nina",1.3,0.1202669
"65",1956-07-01,1956,"Jul",-0.57,"Cool Phase/La Nina",1.1,0.4639145
"66",1956-06-01,1956,"Jun",-0.506666666666667,"Cool Phase/La Nina",1.1,0.47106723
"67",1956-03-01,1956,"Mar",-0.626666666666667,"Cool Phase/La Nina",1.3,0.022979146
"68",1956-05-01,1956,"May",-0.513333333333333,"Cool Phase/La Nina",1.4,0.14195733
"69",1956-11-01,1956,"Nov",-0.433333333333333,"Neutral Phase",0.2,-0.22625107
"70",1956-10-01,1956,"Oct",-0.42,"Neutral Phase",1.8,-0.051508982
"71",1956-09-01,1956,"Sep",-0.456666666666667,"Neutral Phase",0.1,0.30064613
"72",1957-04-01,1957,"Apr",0.72,"Warm Phase/El Nino",0.2,-1.2553542
"73",1957-08-01,1957,"Aug",1.32333333333333,"Warm Phase/El Nino",-0.5,-0.90544124
"74",1957-12-01,1957,"Dec",1.73666666666667,"Warm Phase/El Nino",-0.3,-0.71664127
"75",1957-02-01,1957,"Feb",0.06,"Neutral Phase",-0.1,-1.9587271
"76",1957-01-01,1957,"Jan",-0.246666666666667,"Neutral Phase",0.6,-1.2715967
"77",1957-07-01,1957,"Jul",1.25,"Warm Phase/El Nino",0.2,-0.75587754
"78",1957-06-01,1957,"Jun",1.11,"Warm Phase/El Nino",0.2,-1.1681711
"79",1957-03-01,1957,"Mar",0.413333333333333,"Neutral Phase",0.2,-1.3393664
"80",1957-05-01,1957,"May",0.92,"Warm Phase/El Nino",-0.7,-1.0382093
"81",1957-11-01,1957,"Nov",1.53333333333333,"Warm Phase/El Nino",-1,-1.407435
"82",1957-10-01,1957,"Oct",1.38666666666667,"Warm Phase/El Nino",0,-1.0286289
"83",1957-09-01,1957,"Sep",1.33333333333333,"Warm Phase/El Nino",-0.9,-0.9222347
"84",1958-04-01,1958,"Apr",0.926666666666667,"Warm Phase/El Nino",0.4,-0.71935478
"85",1958-08-01,1958,"Aug",0.426666666666667,"Neutral Phase",0.9,-0.6288164
"86",1958-12-01,1958,"Dec",0.61,"Warm Phase/El Nino",-0.6,-0.40523129
"87",1958-02-01,1958,"Feb",1.65333333333333,"Warm Phase/El Nino",-0.5,0.14663043
"88",1958-01-01,1958,"Jan",1.80333333333333,"Warm Phase/El Nino",-1.9,0.11660279
"89",1958-07-01,1958,"Jul",0.573333333333333,"Warm Phase/El Nino",0.4,-0.86964646
"90",1958-06-01,1958,"Jun",0.636666666666667,"Warm Phase/El Nino",0.3,-0.72342443
"91",1958-03-01,1958,"Mar",1.26333333333333,"Warm Phase/El Nino",0.3,-1.1516998
"92",1958-05-01,1958,"May",0.736666666666667,"Warm Phase/El Nino",-0.5,-0.85098363
"93",1958-11-01,1958,"Nov",0.5,"Warm Phase/El Nino",-0.4,-0.77451839
"94",1958-10-01,1958,"Oct",0.436666666666667,"Neutral Phase",0.1,-0.50880797
"95",1958-09-01,1958,"Sep",0.393333333333333,"Neutral Phase",-0.3,-0.20443409
"96",1959-04-01,1959,"Apr",0.326666666666667,"Neutral Phase",0.4,-0.45130383
"97",1959-08-01,1959,"Aug",-0.28,"Neutral Phase",-0.1,-0.50436494
"98",1959-12-01,1959,"Dec",-0.0433333333333333,"Neutral Phase",0.9,0.42278478
"99",1959-02-01,1959,"Feb",0.623333333333333,"Warm Phase/El Nino",-1.4,-0.59064476
"100",1959-01-01,1959,"Jan",0.616666666666667,"Warm Phase/El Nino",-0.9,0.12278854
"101",1959-07-01,1959,"Jul",-0.18,"Neutral Phase",-0.3,-0.39649446
"102",1959-06-01,1959,"Jun",-0.0666666666666667,"Neutral Phase",-0.1,-0.37320207
"103",1959-03-01,1959,"Mar",0.516666666666667,"Warm Phase/El Nino",1.3,-0.39206877
"104",1959-05-01,1959,"May",0.196666666666667,"Neutral Phase",0.5,-0.43784908
"105",1959-11-01,1959,"Nov",0.0466666666666667,"Neutral Phase",0.9,-0.04796909
"106",1959-10-01,1959,"Oct",-0.03,"Neutral Phase",0.5,0.13413238
"107",1959-09-01,1959,"Sep",-0.09,"Neutral Phase",0,0.072659201
"108",1960-04-01,1960,"Apr",0.03,"Neutral Phase",0.8,0.79348216
"109",1960-08-01,1960,"Aug",0.236666666666667,"Neutral Phase",0.8,0.43794466
"110",1960-12-01,1960,"Dec",0.05,"Neutral Phase",0.8,1.1361285
"111",1960-02-01,1960,"Feb",-0.103333333333333,"Neutral Phase",0.1,0.81857807
"112",1960-01-01,1960,"Jan",-0.0966666666666667,"Neutral Phase",0.1,1.0163805
"113",1960-07-01,1960,"Jul",0.123333333333333,"Neutral Phase",0.5,0.70915221
"114",1960-06-01,1960,"Jun",0.03,"Neutral Phase",0.1,0.31314454
"115",1960-03-01,1960,"Mar",-0.07,"Neutral Phase",1,0.86326859
"116",1960-05-01,1960,"May",0.0166666666666667,"Neutral Phase",0.5,0.91892054
"117",1960-11-01,1960,"Nov",0.123333333333333,"Neutral Phase",0.5,0.95336825
"118",1960-10-01,1960,"Oct",0.203333333333333,"Neutral Phase",0.1,0.48853548
"119",1960-09-01,1960,"Sep",0.273333333333333,"Neutral Phase",0.7,0.52397594
"120",1961-04-01,1961,"Apr",0.0933333333333333,"Neutral Phase",0.8,0.95715692
"121",1961-08-01,1961,"Aug",-0.13,"Neutral Phase",0.2,1.0746483
"122",1961-12-01,1961,"Dec",-0.156666666666667,"Neutral Phase",1.5,0.39737078
"123",1961-02-01,1961,"Feb",0.0266666666666667,"Neutral Phase",0.9,1.3593808
"124",1961-01-01,1961,"Jan",0.0333333333333333,"Neutral Phase",-0.3,1.1032184
"125",1961-07-01,1961,"Jul",0.143333333333333,"Neutral Phase",0.2,1.0626986
"126",1961-06-01,1961,"Jun",0.27,"Neutral Phase",0.1,1.2018429
"127",1961-03-01,1961,"Mar",0.04,"Neutral Phase",-1.8,1.7493986
"128",1961-05-01,1961,"May",0.233333333333333,"Neutral Phase",0.3,1.4002097
"129",1961-11-01,1961,"Nov",-0.183333333333333,"Neutral Phase",0.5,0.22058507
"130",1961-10-01,1961,"Oct",-0.256666666666667,"Neutral Phase",-0.3,0.34873726
"131",1961-09-01,1961,"Sep",-0.293333333333333,"Neutral Phase",0.1,0.77296683
"132",1962-04-01,1962,"Apr",-0.263333333333333,"Neutral Phase",0.2,-0.47141795
"133",1962-08-01,1962,"Aug",-0.07,"Neutral Phase",0.6,-0.37063506
"134",1962-12-01,1962,"Dec",-0.43,"Neutral Phase",0.2,0.46514247
"135",1962-02-01,1962,"Feb",-0.223333333333333,"Neutral Phase",-0.3,-0.14977739
"136",1962-01-01,1962,"Jan",-0.24,"Neutral Phase",2,0.17476225
"137",1962-07-01,1962,"Jul",-0.04,"Neutral Phase",0.1,-0.062123467
"138",1962-06-01,1962,"Jun",-0.193333333333333,"Neutral Phase",0.7,-0.30441143
"139",1962-03-01,1962,"Mar",-0.203333333333333,"Neutral Phase",0.1,-0.60767641
"140",1962-05-01,1962,"May",-0.273333333333333,"Neutral Phase",1.1,-0.73901362
"141",1962-11-01,1962,"Nov",-0.303333333333333,"Neutral Phase",0.3,0.44560527
"142",1962-10-01,1962,"Oct",-0.223333333333333,"Neutral Phase",1,0.16424001
"143",1962-09-01,1962,"Sep",-0.11,"Neutral Phase",0.4,0.33421582
"144",1963-04-01,1963,"Apr",0.27,"Neutral Phase",0.8,-0.81056845
"145",1963-08-01,1963,"Aug",1.14,"Warm Phase/El Nino",0,-0.1346054
"146",1963-12-01,1963,"Dec",1.30666666666667,"Warm Phase/El Nino",-1.2,0.54103299
"147",1963-02-01,1963,"Feb",-0.156666666666667,"Neutral Phase",0.6,-0.27996258
"148",1963-01-01,1963,"Jan",-0.4,"Neutral Phase",1,-0.81285016
"149",1963-07-01,1963,"Jul",0.86,"Warm Phase/El Nino",-0.1,-0.36669314
"150",1963-06-01,1963,"Jun",0.516666666666667,"Warm Phase/El Nino",-0.5,-0.71623806
"151",1963-03-01,1963,"Mar",0.146666666666667,"Neutral Phase",1.1,-1.0965502
"152",1963-05-01,1963,"May",0.313333333333333,"Neutral Phase",0.4,-0.42822716
"153",1963-11-01,1963,"Nov",1.37333333333333,"Warm Phase/El Nino",-0.8,0.66107473
"154",1963-10-01,1963,"Oct",1.29333333333333,"Warm Phase/El Nino",-1.2,0.50714133
"155",1963-09-01,1963,"Sep",1.22,"Warm Phase/El Nino",-0.6,0.11978808
"156",1964-04-01,1964,"Apr",-0.33,"Neutral Phase",1.1,0.25015275
"157",1964-08-01,1964,"Aug",-0.663333333333333,"Cool Phase/La Nina",1.5,0.78188421
"158",1964-12-01,1964,"Dec",-0.783333333333333,"Cool Phase/La Nina",-0.3,-0.67944342
"159",1964-02-01,1964,"Feb",0.613333333333333,"Warm Phase/El Nino",0,0.29248032
"160",1964-01-01,1964,"Jan",1.07,"Warm Phase/El Nino",-0.4,1.0728952
"161",1964-07-01,1964,"Jul",-0.596666666666667,"Cool Phase/La Nina",0.6,1.6039742
"162",1964-06-01,1964,"Jun",-0.58,"Cool Phase/La Nina",0.8,0.88409534
"163",1964-03-01,1964,"Mar",0.12,"Neutral Phase",1.1,0.35166979
"164",1964-05-01,1964,"May",-0.576666666666667,"Cool Phase/La Nina",0.2,0.27190132
"165",1964-11-01,1964,"Nov",-0.823333333333333,"Cool Phase/La Nina",0.2,0.074383372
"166",1964-10-01,1964,"Oct",-0.796666666666667,"Cool Phase/La Nina",1.3,0.71267229
"167",1964-09-01,1964,"Sep",-0.763333333333333,"Cool Phase/La Nina",1.3,0.91256373
"168",1965-04-01,1965,"Apr",0.18,"Neutral Phase",-0.5,-0.87943354
"169",1965-08-01,1965,"Aug",1.54666666666667,"Warm Phase/El Nino",-0.7,-0.44396173
"170",1965-12-01,1965,"Dec",1.71666666666667,"Warm Phase/El Nino",0.2,-1.1935027
"171",1965-02-01,1965,"Feb",-0.276666666666667,"Neutral Phase",0.4,-0.8375497
"172",1965-01-01,1965,"Jan",-0.593333333333333,"Cool Phase/La Nina",-0.4,-0.60927069
"173",1965-07-01,1965,"Jul",1.22,"Warm Phase/El Nino",-1.8,-0.69218264
"174",1965-06-01,1965,"Jun",0.833333333333333,"Warm Phase/El Nino",-0.6,-0.83030121
"175",1965-03-01,1965,"Mar",-0.07,"Neutral Phase",0.8,-0.9425717
"176",1965-05-01,1965,"May",0.456666666666667,"Neutral Phase",0.2,-1.1591951
"177",1965-11-01,1965,"Nov",1.96666666666667,"Warm Phase/El Nino",-1.5,-0.91841417
"178",1965-10-01,1965,"Oct",1.97666666666667,"Warm Phase/El Nino",-0.9,-0.68304581
"179",1965-09-01,1965,"Sep",1.85333333333333,"Warm Phase/El Nino",-1.3,-0.85712342
"180",1966-04-01,1966,"Apr",0.656666666666667,"Warm Phase/El Nino",-0.2,-1.3692633
"181",1966-08-01,1966,"Aug",0.123333333333333,"Neutral Phase",0.6,-0.97791948
"182",1966-12-01,1966,"Dec",-0.303333333333333,"Neutral Phase",-0.3,-0.54499555
"183",1966-02-01,1966,"Feb",1.16666666666667,"Warm Phase/El Nino",-0.2,-1.114448
"184",1966-01-01,1966,"Jan",1.37333333333333,"Warm Phase/El Nino",-1.3,-0.32304436
"185",1966-07-01,1966,"Jul",0.243333333333333,"Neutral Phase",0.1,-1.1138805
"186",1966-06-01,1966,"Jun",0.243333333333333,"Neutral Phase",0.3,-1.2637274
"187",1966-03-01,1966,"Mar",0.983333333333333,"Warm Phase/El Nino",-0.9,-0.59910173
"188",1966-05-01,1966,"May",0.356666666666667,"Neutral Phase",-0.4,-1.678718
"189",1966-11-01,1966,"Nov",-0.18,"Neutral Phase",0,-0.93839698
"190",1966-10-01,1966,"Oct",-0.1,"Neutral Phase",-0.1,-0.79952865
"191",1966-09-01,1966,"Sep",-0.0533333333333333,"Neutral Phase",-0.2,-0.75325036
"192",1967-04-01,1967,"Apr",-0.45,"Neutral Phase",0,-0.89138072
"193",1967-08-01,1967,"Aug",-0.153333333333333,"Neutral Phase",0.7,-0.75379956
"194",1967-12-01,1967,"Dec",-0.44,"Neutral Phase",-0.6,-0.23339957
"195",1967-02-01,1967,"Feb",-0.476666666666667,"Neutral Phase",1.7,-0.61006085
"196",1967-01-01,1967,"Jan",-0.41,"Neutral Phase",1.7,-0.73605125
"197",1967-07-01,1967,"Jul",0.05,"Neutral Phase",0.2,-1.1731513
"198",1967-06-01,1967,"Jun",-6.93889390390723e-18,"Neutral Phase",0.6,-1.252485
"199",1967-03-01,1967,"Mar",-0.536666666666667,"Cool Phase/La Nina",1.2,-1.1191961
"200",1967-05-01,1967,"May",-0.24,"Neutral Phase",0,-0.99509831
"201",1967-11-01,1967,"Nov",-0.34,"Neutral Phase",-0.4,-0.58751481
"202",1967-10-01,1967,"Oct",-0.376666666666667,"Neutral Phase",0.1,0.0071177736
"203",1967-09-01,1967,"Sep",-0.293333333333333,"Neutral Phase",0.5,-0.051677917
"204",1968-04-01,1968,"Apr",-0.44,"Neutral Phase",0,-1.1582636
"205",1968-08-01,1968,"Aug",0.526666666666667,"Warm Phase/El Nino",0.3,-0.95952812
"206",1968-12-01,1968,"Dec",0.976666666666667,"Warm Phase/El Nino",0.2,-0.86887064
"207",1968-02-01,1968,"Feb",-0.733333333333333,"Cool Phase/La Nina",1.3,-0.6258595
"208",1968-01-01,1968,"Jan",-0.633333333333333,"Cool Phase/La Nina",0.5,-0.76610972
"209",1968-07-01,1968,"Jul",0.573333333333333,"Warm Phase/El Nino",0.7,-1.0214287
"210",1968-06-01,1968,"Jun",0.28,"Neutral Phase",1.1,-1.0381912
"211",1968-03-01,1968,"Mar",-0.613333333333333,"Cool Phase/La Nina",0.1,-0.63205407
"212",1968-05-01,1968,"May",-0.04,"Neutral Phase",1.2,-1.2594507
"213",1968-11-01,1968,"Nov",0.736666666666667,"Warm Phase/El Nino",-0.3,-0.22530564
"214",1968-10-01,1968,"Oct",0.55,"Warm Phase/El Nino",-0.1,-0.73758116
"215",1968-09-01,1968,"Sep",0.446666666666667,"Neutral Phase",-0.3,-0.91457811
"216",1969-04-01,1969,"Apr",0.766666666666667,"Warm Phase/El Nino",-0.4,-0.1832465
"217",1969-08-01,1969,"Aug",0.516666666666667,"Warm Phase/El Nino",-0.1,-0.23232563
"218",1969-12-01,1969,"Dec",0.633333333333333,"Warm Phase/El Nino",0.4,1.1272413
"219",1969-02-01,1969,"Feb",1.08666666666667,"Warm Phase/El Nino",-0.5,-0.7369928
"220",1969-01-01,1969,"Jan",1.13,"Warm Phase/El Nino",-1.5,-2.5593478
"221",1969-07-01,1969,"Jul",0.363333333333333,"Neutral Phase",-0.5,-0.73089032
"222",1969-06-01,1969,"Jun",0.43,"Neutral Phase",0.2,-0.77551688
"223",1969-03-01,1969,"Mar",0.95,"Warm Phase/El Nino",0.4,-0.7334626
"224",1969-05-01,1969,"May",0.613333333333333,"Warm Phase/El Nino",-0.2,-0.090880893
"225",1969-11-01,1969,"Nov",0.81,"Warm Phase/El Nino",-0.1,-0.04127024
"226",1969-10-01,1969,"Oct",0.86,"Warm Phase/El Nino",-0.9,0.28993968
"227",1969-09-01,1969,"Sep",0.793333333333333,"Warm Phase/El Nino",-1,0.015210575
"228",1970-04-01,1970,"Apr",0.19,"Neutral Phase",-0.1,-0.22177049
"229",1970-08-01,1970,"Aug",-0.756666666666667,"Cool Phase/La Nina",0.6,0.41332336
"230",1970-12-01,1970,"Dec",-1.14666666666667,"Cool Phase/La Nina",1.9,-0.071520774
"231",1970-02-01,1970,"Feb",0.34,"Neutral Phase",-1,-0.32133677
"232",1970-01-01,1970,"Jan",0.516666666666667,"Warm Phase/El Nino",-1.1,-0.19163922
"233",1970-07-01,1970,"Jul",-0.626666666666667,"Cool Phase/La Nina",-0.4,0.27240294
"234",1970-06-01,1970,"Jun",-0.303333333333333,"Neutral Phase",1,0.37084586
"235",1970-03-01,1970,"Mar",0.293333333333333,"Neutral Phase",0.6,-0.41263578
"236",1970-05-01,1970,"May",0.0433333333333333,"Neutral Phase",0.4,0.48417772
"237",1970-11-01,1970,"Nov",-0.856666666666667,"Cool Phase/La Nina",1.6,-0.21421458
"238",1970-10-01,1970,"Oct",-0.736666666666667,"Cool Phase/La Nina",1,0.22630739
"239",1970-09-01,1970,"Sep",-0.766666666666667,"Cool Phase/La Nina",1.2,0.39857819
"240",1971-04-01,1971,"Apr",-0.846666666666667,"Cool Phase/La Nina",1.7,0.85376876
"241",1971-08-01,1971,"Aug",-0.773333333333333,"Cool Phase/La Nina",1.5,0.70605099
"242",1971-12-01,1971,"Dec",-0.896666666666667,"Cool Phase/La Nina",0.3,-0.027959273
"243",1971-02-01,1971,"Feb",-1.38333333333333,"Cool Phase/La Nina",2,0.059600681
"244",1971-01-01,1971,"Jan",-1.36,"Cool Phase/La Nina",0.4,-0.20162668
"245",1971-07-01,1971,"Jul",-0.796666666666667,"Cool Phase/La Nina",0.2,0.79092532
"246",1971-06-01,1971,"Jun",-0.736666666666667,"Cool Phase/La Nina",0.4,0.41262019
"247",1971-03-01,1971,"Mar",-1.11666666666667,"Cool Phase/La Nina",2.3,0.45392927
"248",1971-05-01,1971,"May",-0.73,"Cool Phase/La Nina",0.9,0.49495693
"249",1971-11-01,1971,"Nov",-0.956666666666667,"Cool Phase/La Nina",0.5,0.18247128
"250",1971-10-01,1971,"Oct",-0.85,"Cool Phase/La Nina",1.7,0.3306484
"251",1971-09-01,1971,"Sep",-0.82,"Cool Phase/La Nina",1.4,0.52842538
"252",1972-04-01,1972,"Apr",0.41,"Neutral Phase",-0.1,-0.68113067
"253",1972-08-01,1972,"Aug",1.37333333333333,"Warm Phase/El Nino",-0.5,-0.42736154
"254",1972-12-01,1972,"Dec",2.12333333333333,"Warm Phase/El Nino",-1.3,-0.76224231
"255",1972-02-01,1972,"Feb",-0.35,"Neutral Phase",1.1,-0.40844138
"256",1972-01-01,1972,"Jan",-0.703333333333333,"Cool Phase/La Nina",0.5,-0.5305133
"257",1972-07-01,1972,"Jul",1.13333333333333,"Warm Phase/El Nino",-1.4,-0.32239863
"258",1972-06-01,1972,"Jun",0.916666666666667,"Warm Phase/El Nino",-0.5,-0.7609987
"259",1972-03-01,1972,"Mar",0.06,"Neutral Phase",0.6,-0.69411044
"260",1972-05-01,1972,"May",0.666666666666667,"Warm Phase/El Nino",-1.6,-0.74738833
"261",1972-11-01,1972,"Nov",2.09333333333333,"Warm Phase/El Nino",-0.3,-0.55620606
"262",1972-10-01,1972,"Oct",1.84,"Warm Phase/El Nino",-0.9,-1.0954562
"263",1972-09-01,1972,"Sep",1.58333333333333,"Warm Phase/El Nino",-1.4,-0.92539715
"264",1973-04-01,1973,"Apr",-0.0966666666666667,"Neutral Phase",0.1,-0.050589071
"265",1973-08-01,1973,"Aug",-1.28333333333333,"Cool Phase/La Nina",1.3,0.16718172
"266",1973-12-01,1973,"Dec",-2.03333333333333,"Cool Phase/La Nina",1.8,0.33929289
"267",1973-02-01,1973,"Feb",1.25,"Warm Phase/El Nino",-1.4,-0.50339577
"268",1973-01-01,1973,"Jan",1.84666666666667,"Warm Phase/El Nino",-0.3,-0.048363215
"269",1973-07-01,1973,"Jul",-1.10666666666667,"Cool Phase/La Nina",0.6,0.32357245
"270",1973-06-01,1973,"Jun",-0.866666666666667,"Cool Phase/La Nina",1.1,0.51442802
"271",1973-03-01,1973,"Mar",0.546666666666667,"Warm Phase/El Nino",0.7,-0.072347531
"272",1973-05-01,1973,"May",-0.536666666666667,"Cool Phase/La Nina",0.4,0.25466121
"273",1973-11-01,1973,"Nov",-1.94666666666667,"Cool Phase/La Nina",2.6,-0.11299269
"274",1973-10-01,1973,"Oct",-1.71333333333333,"Cool Phase/La Nina",0.8,0.35027916
"275",1973-09-01,1973,"Sep",-1.45333333333333,"Cool Phase/La Nina",1.2,0.3572996
"276",1974-04-01,1974,"Apr",-1.03,"Cool Phase/La Nina",0.9,0.014818799
"277",1974-08-01,1974,"Aug",-0.37,"Neutral Phase",0.8,0.26162988
"278",1974-12-01,1974,"Dec",-0.64,"Cool Phase/La Nina",0.2,0.71586735
"279",1974-02-01,1974,"Feb",-1.55333333333333,"Cool Phase/La Nina",2.1,-0.38642797
"280",1974-01-01,1974,"Jan",-1.83666666666667,"Cool Phase/La Nina",2.4,-1.0033867
"281",1974-07-01,1974,"Jul",-0.536666666666667,"Cool Phase/La Nina",1.1,0.37670197
"282",1974-06-01,1974,"Jun",-0.77,"Cool Phase/La Nina",0.4,0.21918141
"283",1974-03-01,1974,"Mar",-1.22666666666667,"Cool Phase/La Nina",2.4,-0.026205274
"284",1974-05-01,1974,"May",-0.91,"Cool Phase/La Nina",1,-0.16634801
"285",1974-11-01,1974,"Nov",-0.753333333333333,"Cool Phase/La Nina",-0.1,0.04270522
"286",1974-10-01,1974,"Oct",-0.61,"Cool Phase/La Nina",0.9,0.0074986156
"287",1974-09-01,1974,"Sep",-0.406666666666667,"Neutral Phase",1.1,-0.16775789
"288",1975-04-01,1975,"Apr",-0.733333333333333,"Cool Phase/La Nina",1.2,0.64921899
"289",1975-08-01,1975,"Aug",-1.20333333333333,"Cool Phase/La Nina",2,1.0259992
"290",1975-12-01,1975,"Dec",-1.65,"Cool Phase/La Nina",2.1,1.0790459
"291",1975-02-01,1975,"Feb",-0.57,"Cool Phase/La Nina",0.8,0.98490837
"292",1975-01-01,1975,"Jan",-0.543333333333333,"Cool Phase/La Nina",-0.5,0.63875186
"293",1975-07-01,1975,"Jul",-1.13,"Cool Phase/La Nina",1.9,0.51100819
"294",1975-06-01,1975,"Jun",-0.983333333333333,"Cool Phase/La Nina",1.3,0.45778814
"295",1975-03-01,1975,"Mar",-0.656666666666667,"Cool Phase/La Nina",1.6,0.7158461
"296",1975-05-01,1975,"May",-0.83,"Cool Phase/La Nina",0.6,0.71586507
"297",1975-11-01,1975,"Nov",-1.55,"Cool Phase/La Nina",1.2,1.273857
"298",1975-10-01,1975,"Oct",-1.43,"Cool Phase/La Nina",1.7,0.95649585
"299",1975-09-01,1975,"Sep",-1.37,"Cool Phase/La Nina",2.1,0.57322177
"300",1976-04-01,1976,"Apr",-0.473333333333333,"Neutral Phase",0.3,2.4363156
"301",1976-08-01,1976,"Aug",0.35,"Neutral Phase",-0.8,2.4363637
"302",1976-12-01,1976,"Dec",0.846666666666667,"Warm Phase/El Nino",-0.3,1.3296016
"303",1976-02-01,1976,"Feb",-1.17,"Cool Phase/La Nina",1.7,1.1829994
"304",1976-01-01,1976,"Jan",-1.55333333333333,"Cool Phase/La Nina",1.4,1.0782443
"305",1976-07-01,1976,"Jul",0.183333333333333,"Neutral Phase",-0.9,2.2670345
"306",1976-06-01,1976,"Jun",-0.0466666666666667,"Neutral Phase",0.3,2.0671275
"307",1976-03-01,1976,"Mar",-0.733333333333333,"Cool Phase/La Nina",1.7,1.6799048
"308",1976-05-01,1976,"May",-0.28,"Neutral Phase",0.4,2.1807639
"309",1976-11-01,1976,"Nov",0.863333333333333,"Warm Phase/El Nino",0.7,1.5746724
"310",1976-10-01,1976,"Oct",0.81,"Warm Phase/El Nino",0.4,1.6933671
"311",1976-09-01,1976,"Sep",0.62,"Warm Phase/El Nino",-1.1,2.4321414
"312",1977-04-01,1977,"Apr",0.23,"Neutral Phase",-0.4,1.396454
"313",1977-08-01,1977,"Aug",0.423333333333333,"Neutral Phase",-0.8,1.2847436
"314",1977-12-01,1977,"Dec",0.786666666666667,"Warm Phase/El Nino",-1.1,0.85400226
"315",1977-02-01,1977,"Feb",0.64,"Warm Phase/El Nino",1.2,1.9341241
"316",1977-01-01,1977,"Jan",0.713333333333333,"Warm Phase/El Nino",-0.4,1.3217052
"317",1977-07-01,1977,"Jul",0.353333333333333,"Neutral Phase",-1.1,1.0368123
"318",1977-06-01,1977,"Jun",0.343333333333333,"Neutral Phase",-0.9,0.92382978
"319",1977-03-01,1977,"Mar",0.34,"Neutral Phase",-0.5,1.699481
"320",1977-05-01,1977,"May",0.213333333333333,"Neutral Phase",-0.5,1.0719304
"321",1977-11-01,1977,"Nov",0.813333333333333,"Warm Phase/El Nino",-1.3,1.4486669
"322",1977-10-01,1977,"Oct",0.726666666666667,"Warm Phase/El Nino",-1,1.2530538
"323",1977-09-01,1977,"Sep",0.57,"Warm Phase/El Nino",-0.8,0.76644075
"324",1978-04-01,1978,"Apr",-0.183333333333333,"Neutral Phase",-0.3,0.45326294
"325",1978-08-01,1978,"Aug",-0.416666666666667,"Neutral Phase",0.4,0.86398498
"326",1978-12-01,1978,"Dec",-6.93889390390723e-18,"Neutral Phase",-0.1,-1.1153547
"327",1978-02-01,1978,"Feb",0.42,"Neutral Phase",-2.7,1.2447465
"328",1978-01-01,1978,"Jan",0.686666666666667,"Warm Phase/El Nino",-0.3,1.2148573
"329",1978-07-01,1978,"Jul",-0.36,"Neutral Phase",0.6,0.42586012
"330",1978-06-01,1978,"Jun",-0.286666666666667,"Neutral Phase",0.7,0.38409043
"331",1978-03-01,1978,"Mar",0.06,"Neutral Phase",-0.2,0.61619694
"332",1978-05-01,1978,"May",-0.313333333333333,"Neutral Phase",1.4,0.5867699
"333",1978-11-01,1978,"Nov",-0.0866666666666667,"Neutral Phase",0,-0.25888401
"334",1978-10-01,1978,"Oct",-0.29,"Neutral Phase",-0.4,0.35159373
"335",1978-09-01,1978,"Sep",-0.42,"Neutral Phase",0.1,1.2864755
"336",1979-04-01,1979,"Apr",0.28,"Neutral Phase",-0.1,-1.034361
"337",1979-08-01,1979,"Aug",0.17,"Neutral Phase",-0.2,-1.2509887
"338",1979-12-01,1979,"Dec",0.64,"Warm Phase/El Nino",-0.7,-0.54143459
"339",1979-02-01,1979,"Feb",0.0733333333333333,"Neutral Phase",1,-0.23329146
"340",1979-01-01,1979,"Jan",0.0333333333333333,"Neutral Phase",-0.4,-0.51478626
"341",1979-07-01,1979,"Jul",0.0366666666666667,"Neutral Phase",1.3,-1.1482481
"342",1979-06-01,1979,"Jun",0.0466666666666667,"Neutral Phase",0.6,-0.82272109
"343",1979-03-01,1979,"Mar",0.203333333333333,"Neutral Phase",0.1,-0.62883688
"344",1979-05-01,1979,"May",0.23,"Neutral Phase",0.5,-0.78180605
"345",1979-11-01,1979,"Nov",0.523333333333333,"Warm Phase/El Nino",-0.4,-0.49207198
"346",1979-10-01,1979,"Oct",0.453333333333333,"Neutral Phase",-0.1,-0.6129027
"347",1979-09-01,1979,"Sep",0.33,"Neutral Phase",0.1,-0.78481409
"348",1980-04-01,1980,"Apr",0.376666666666667,"Neutral Phase",-0.6,-0.065782108
"349",1980-08-01,1980,"Aug",0.0333333333333333,"Neutral Phase",0.4,-1.0831368
"350",1980-12-01,1980,"Dec",-0.00666666666666665,"Neutral Phase",-0.1,-0.28269689
"351",1980-02-01,1980,"Feb",0.456666666666667,"Neutral Phase",0.3,-1.7223209
"352",1980-01-01,1980,"Jan",0.593333333333333,"Warm Phase/El Nino",0.4,-1.9028722
"353",1980-07-01,1980,"Jul",0.253333333333333,"Neutral Phase",0,-0.9904321
"354",1980-06-01,1980,"Jun",0.46,"Neutral Phase",0,-0.68274075
"355",1980-03-01,1980,"Mar",0.336666666666667,"Neutral Phase",-0.4,-1.1510684
"356",1980-05-01,1980,"May",0.48,"Neutral Phase",0,-0.21080144
"357",1980-11-01,1980,"Nov",0.113333333333333,"Neutral Phase",-0.3,-0.13450486
"358",1980-10-01,1980,"Oct",0.0166666666666667,"Neutral Phase",0,-0.066023382
"359",1980-09-01,1980,"Sep",-0.0666666666666667,"Neutral Phase",-0.5,-0.69690748
"360",1981-04-01,1981,"Apr",-0.366666666666667,"Neutral Phase",-0.1,-0.62670428
"361",1981-08-01,1981,"Aug",-0.243333333333333,"Neutral Phase",0.7,-0.69772961
"362",1981-12-01,1981,"Dec",-0.0766666666666667,"Neutral Phase",0.5,0.52121581
"363",1981-02-01,1981,"Feb",-0.503333333333333,"Cool Phase/La Nina",-0.2,-1.0577437
"364",1981-01-01,1981,"Jan",-0.26,"Neutral Phase",0.4,-0.26440728
"365",1981-07-01,1981,"Jul",-0.293333333333333,"Neutral Phase",0.8,-0.52605658
"366",1981-06-01,1981,"Jun",-0.286666666666667,"Neutral Phase",1.2,0.0088193234
"367",1981-03-01,1981,"Mar",-0.473333333333333,"Neutral Phase",-1.3,-0.69053925
"368",1981-05-01,1981,"May",-0.26,"Neutral Phase",0.8,0.19965579
"369",1981-11-01,1981,"Nov",-0.15,"Neutral Phase",0.2,0.75622012
"370",1981-10-01,1981,"Oct",-0.126666666666667,"Neutral Phase",-0.4,-0.28779399
"371",1981-09-01,1981,"Sep",-0.156666666666667,"Neutral Phase",0.3,0.0029768997
"372",1982-04-01,1982,"Apr",0.473333333333333,"Neutral Phase",0.1,-1.0710987
"373",1982-08-01,1982,"Aug",1.07,"Warm Phase/El Nino",-1.7,-0.45697363
"374",1982-12-01,1982,"Dec",2.23,"Warm Phase/El Nino",-2.2,-0.2344606
"375",1982-02-01,1982,"Feb",0.07,"Neutral Phase",0.3,-0.87346295
"376",1982-01-01,1982,"Jan",-0.05,"Neutral Phase",1.2,-0.19996038
"377",1982-07-01,1982,"Jul",0.79,"Warm Phase/El Nino",-1.5,-0.61058107
"378",1982-06-01,1982,"Jun",0.72,"Warm Phase/El Nino",-1,-0.8476034
"379",1982-03-01,1982,"Mar",0.183333333333333,"Neutral Phase",0.6,-0.62067405
"380",1982-05-01,1982,"May",0.656666666666667,"Warm Phase/El Nino",-0.3,-0.99310639
"381",1982-11-01,1982,"Nov",2.17666666666667,"Warm Phase/El Nino",-2.6,-0.86607015
"382",1982-10-01,1982,"Oct",1.96333333333333,"Warm Phase/El Nino",-1.7,-1.0067379
"383",1982-09-01,1982,"Sep",1.57666666666667,"Warm Phase/El Nino",-1.7,-0.45956735
"384",1983-04-01,1983,"Apr",1.28666666666667,"Warm Phase/El Nino",-0.9,-0.72051521
"385",1983-08-01,1983,"Aug",-0.0766666666666667,"Neutral Phase",0.1,-0.010007802
"386",1983-12-01,1983,"Dec",-0.91,"Cool Phase/La Nina",0,-0.6778232
"387",1983-02-01,1983,"Feb",1.91666666666667,"Warm Phase/El Nino",-3.6,0.47395959
"388",1983-01-01,1983,"Jan",2.18,"Warm Phase/El Nino",-3.5,0.60465531
"389",1983-07-01,1983,"Jul",0.316666666666667,"Neutral Phase",-0.6,-0.04863779
"390",1983-06-01,1983,"Jun",0.723333333333333,"Warm Phase/El Nino",0,-0.076887309
"391",1983-03-01,1983,"Mar",1.54,"Warm Phase/El Nino",-2.4,0.43032064
"392",1983-05-01,1983,"May",1.06333333333333,"Warm Phase/El Nino",0.6,-0.74396599
"393",1983-11-01,1983,"Nov",-1,"Cool Phase/La Nina",-0.1,0.56100833
"394",1983-10-01,1983,"Oct",-0.806666666666667,"Cool Phase/La Nina",0.4,-0.48714715
"395",1983-09-01,1983,"Sep",-0.453333333333333,"Neutral Phase",0.9,-0.40973575
"396",1984-04-01,1984,"Apr",-0.43,"Neutral Phase",0.3,1.1599523
"397",1984-08-01,1984,"Aug",-0.156666666666667,"Neutral Phase",0.4,0.36820697
"398",1984-12-01,1984,"Dec",-1.14,"Cool Phase/La Nina",-0.1,0.25228999
"399",1984-02-01,1984,"Feb",-0.42,"Neutral Phase",0.9,0.40077926
"400",1984-01-01,1984,"Jan",-0.603333333333333,"Cool Phase/La Nina",0.2,-0.21510063
"401",1984-07-01,1984,"Jul",-0.303333333333333,"Neutral Phase",0.2,0.4158185
"402",1984-06-01,1984,"Jun",-0.443333333333333,"Neutral Phase",-0.3,0.73748025
"403",1984-03-01,1984,"Mar",-0.336666666666667,"Neutral Phase",-0.2,0.71907062
"404",1984-05-01,1984,"May",-0.51,"Cool Phase/La Nina",0.2,0.98165596
"405",1984-11-01,1984,"Nov",-0.913333333333333,"Cool Phase/La Nina",0.3,0.86247744
"406",1984-10-01,1984,"Oct",-0.56,"Cool Phase/La Nina",-0.3,0.94333701
"407",1984-09-01,1984,"Sep",-0.24,"Neutral Phase",0.1,0.82303277
"408",1985-04-01,1985,"Apr",-0.783333333333333,"Cool Phase/La Nina",1.2,0.31925946
"409",1985-08-01,1985,"Aug",-0.456666666666667,"Neutral Phase",1,-0.23258976
"410",1985-12-01,1985,"Dec",-0.36,"Neutral Phase",0.2,-1.6806901
"411",1985-02-01,1985,"Feb",-0.85,"Cool Phase/La Nina",1.2,-0.064661941
"412",1985-01-01,1985,"Jan",-1.04333333333333,"Cool Phase/La Nina",-0.3,0.32392518
"413",1985-07-01,1985,"Jul",-0.49,"Neutral Phase",-0.1,0.17832952
"414",1985-06-01,1985,"Jun",-0.623333333333333,"Cool Phase/La Nina",-0.4,-0.044718164
"415",1985-03-01,1985,"Mar",-0.77,"Cool Phase/La Nina",0.8,0.23143699
"416",1985-05-01,1985,"May",-0.776666666666667,"Cool Phase/La Nina",0.4,0.15633692
"417",1985-11-01,1985,"Nov",-0.273333333333333,"Neutral Phase",-0.2,-1.793918
"418",1985-10-01,1985,"Oct",-0.35,"Neutral Phase",-0.4,-1.1832549
"419",1985-09-01,1985,"Sep",-0.4,"Neutral Phase",0,-0.93626777
"420",1986-04-01,1986,"Apr",-0.203333333333333,"Neutral Phase",0.3,-0.96677631
"421",1986-08-01,1986,"Aug",0.443333333333333,"Neutral Phase",-0.4,-1.0182601
"422",1986-12-01,1986,"Dec",1.22,"Warm Phase/El Nino",-1.4,-0.45618453
"423",1986-02-01,1986,"Feb",-0.473333333333333,"Neutral Phase",-1,-1.4491836
"424",1986-01-01,1986,"Jan",-0.493333333333333,"Neutral Phase",1,-0.7685944
"425",1986-07-01,1986,"Jul",0.223333333333333,"Neutral Phase",0.3,-0.94142243
"426",1986-06-01,1986,"Jun",-0.0366666666666667,"Neutral Phase",1,-0.66585381
"427",1986-03-01,1986,"Mar",-0.313333333333333,"Neutral Phase",0.5,-0.46623733
"428",1986-05-01,1986,"May",-0.12,"Neutral Phase",-0.2,-0.49841159
"429",1986-11-01,1986,"Nov",1.14,"Warm Phase/El Nino",-1.2,-0.50124606
"430",1986-10-01,1986,"Oct",0.943333333333333,"Warm Phase/El Nino",0.6,-0.2937993
"431",1986-09-01,1986,"Sep",0.713333333333333,"Warm Phase/El Nino",-0.5,-0.768198
"432",1987-04-01,1987,"Apr",0.943333333333333,"Warm Phase/El Nino",-1.4,0.47076848
"433",1987-08-01,1987,"Aug",1.7,"Warm Phase/El Nino",-0.9,0.3395003
"434",1987-12-01,1987,"Dec",1.11,"Warm Phase/El Nino",-0.5,0.69232265
"435",1987-02-01,1987,"Feb",1.19333333333333,"Warm Phase/El Nino",-1.2,0.7675583
"436",1987-01-01,1987,"Jan",1.23,"Warm Phase/El Nino",-0.7,0.68659838
"437",1987-07-01,1987,"Jul",1.51333333333333,"Warm Phase/El Nino",-1.4,0.42619958
"438",1987-06-01,1987,"Jun",1.22,"Warm Phase/El Nino",-1.1,0.39440557
"439",1987-03-01,1987,"Mar",1.06,"Warm Phase/El Nino",-1.3,0.28541378
"440",1987-05-01,1987,"May",0.97,"Warm Phase/El Nino",-1.3,0.27433927
"441",1987-11-01,1987,"Nov",1.25333333333333,"Warm Phase/El Nino",0,0.52151727
"442",1987-10-01,1987,"Oct",1.48666666666667,"Warm Phase/El Nino",-0.4,0.12124511
"443",1987-09-01,1987,"Sep",1.65,"Warm Phase/El Nino",-1,0.17022806
"444",1988-04-01,1988,"Apr",-0.313333333333333,"Neutral Phase",0.1,1.5734973
"445",1988-08-01,1988,"Aug",-1.10333333333333,"Cool Phase/La Nina",1.5,1.3928516
"446",1988-12-01,1988,"Dec",-1.85,"Cool Phase/La Nina",1.2,0.75529687
"447",1988-02-01,1988,"Feb",0.536666666666667,"Warm Phase/El Nino",-0.4,0.79684971
"448",1988-01-01,1988,"Jan",0.81,"Warm Phase/El Nino",-0.1,1.105185
"449",1988-07-01,1988,"Jul",-1.29333333333333,"Cool Phase/La Nina",1,1.7248738
"450",1988-06-01,1988,"Jun",-1.29666666666667,"Cool Phase/La Nina",0.1,1.7426903
"451",1988-03-01,1988,"Mar",0.143333333333333,"Neutral Phase",0.6,0.96814878
"452",1988-05-01,1988,"May",-0.876666666666667,"Cool Phase/La Nina",0.9,1.7784138
"453",1988-11-01,1988,"Nov",-1.79666666666667,"Cool Phase/La Nina",1.7,1.2427056
"454",1988-10-01,1988,"Oct",-1.47666666666667,"Cool Phase/La Nina",1.4,1.4868884
"455",1988-09-01,1988,"Sep",-1.19,"Cool Phase/La Nina",1.8,1.31624
"456",1989-04-01,1989,"Apr",-0.826666666666667,"Cool Phase/La Nina",1.6,0.78376127
"457",1989-08-01,1989,"Aug",-0.27,"Neutral Phase",-0.3,0.66697628
"458",1989-12-01,1989,"Dec",-0.05,"Neutral Phase",-0.5,-0.17257603
"459",1989-02-01,1989,"Feb",-1.43,"Cool Phase/La Nina",1.2,0.66174412
"460",1989-01-01,1989,"Jan",-1.69,"Cool Phase/La Nina",1.5,1.3125811
"461",1989-07-01,1989,"Jul",-0.306666666666667,"Neutral Phase",0.9,1.2640097
"462",1989-06-01,1989,"Jun",-0.4,"Neutral Phase",0.7,0.5221062
"463",1989-03-01,1989,"Mar",-1.08,"Cool Phase/La Nina",1.1,0.92933697
"464",1989-05-01,1989,"May",-0.573333333333333,"Cool Phase/La Nina",1.2,0.58351058
"465",1989-11-01,1989,"Nov",-0.16,"Neutral Phase",-0.2,-0.30061121
"466",1989-10-01,1989,"Oct",-0.216666666666667,"Neutral Phase",0.8,0.44178705
"467",1989-09-01,1989,"Sep",-0.243333333333333,"Neutral Phase",0.5,0.65426137
"468",1990-04-01,1990,"Apr",0.29,"Neutral Phase",0.2,0.24156556
"469",1990-08-01,1990,"Aug",0.38,"Neutral Phase",-0.2,-0.33040579
"470",1990-12-01,1990,"Dec",0.413333333333333,"Neutral Phase",-0.2,-1.532809
"471",1990-02-01,1990,"Feb",0.206666666666667,"Neutral Phase",-1.8,-0.28017566
"472",1990-01-01,1990,"Jan",0.136666666666667,"Neutral Phase",-0.1,0.2687734
"473",1990-07-01,1990,"Jul",0.333333333333333,"Neutral Phase",0.5,-0.25829866
"474",1990-06-01,1990,"Jun",0.306666666666667,"Neutral Phase",0.3,-0.065433778
"475",1990-03-01,1990,"Mar",0.28,"Neutral Phase",-0.4,0.65271548
"476",1990-05-01,1990,"May",0.293333333333333,"Neutral Phase",1.2,-0.096055435
"477",1990-11-01,1990,"Nov",0.396666666666667,"Neutral Phase",-0.5,-0.73895202
"478",1990-10-01,1990,"Oct",0.353333333333333,"Neutral Phase",0.3,-0.12022116
"479",1990-09-01,1990,"Sep",0.39,"Neutral Phase",-0.7,-0.15925639
"480",1991-04-01,1991,"Apr",0.256666666666667,"Neutral Phase",-0.6,-0.20643753
"481",1991-08-01,1991,"Aug",0.636666666666667,"Warm Phase/El Nino",-0.4,-0.57405316
"482",1991-12-01,1991,"Dec",1.53,"Warm Phase/El Nino",-1.8,-0.21297704
"483",1991-02-01,1991,"Feb",0.263333333333333,"Neutral Phase",0.3,-0.30453129
"484",1991-01-01,1991,"Jan",0.406666666666667,"Neutral Phase",0.6,-0.74421842
"485",1991-07-01,1991,"Jul",0.733333333333333,"Warm Phase/El Nino",0,-0.4794923
"486",1991-06-01,1991,"Jun",0.636666666666667,"Warm Phase/El Nino",-0.1,-0.38776968
"487",1991-03-01,1991,"Mar",0.22,"Neutral Phase",-0.7,-0.80698494
"488",1991-05-01,1991,"May",0.456666666666667,"Neutral Phase",-1,-0.059529254
"489",1991-11-01,1991,"Nov",1.21,"Warm Phase/El Nino",-0.7,-0.17231725
"490",1991-10-01,1991,"Oct",0.79,"Warm Phase/El Nino",-1,-1.0900901
"491",1991-09-01,1991,"Sep",0.623333333333333,"Warm Phase/El Nino",-1.5,-0.94857557
"492",1992-04-01,1992,"Apr",1.28666666666667,"Warm Phase/El Nino",-1,-1.4336134
"493",1992-08-01,1992,"Aug",0.09,"Neutral Phase",0.4,-1.2474734
"494",1992-12-01,1992,"Dec",-0.13,"Neutral Phase",-0.6,-1.8686891
"495",1992-02-01,1992,"Feb",1.63333333333333,"Warm Phase/El Nino",-0.9,-0.45653143
"496",1992-01-01,1992,"Jan",1.71333333333333,"Warm Phase/El Nino",-2.9,0.49307736
"497",1992-07-01,1992,"Jul",0.366666666666667,"Neutral Phase",-0.6,-1.4624325
"498",1992-06-01,1992,"Jun",0.73,"Warm Phase/El Nino",-0.6,-1.3506516
"499",1992-03-01,1992,"Mar",1.48,"Warm Phase/El Nino",-2,-0.82080177
"500",1992-05-01,1992,"May",1.06,"Warm Phase/El Nino",0.3,-1.7956172
"501",1992-11-01,1992,"Nov",-0.276666666666667,"Neutral Phase",-0.7,-1.2806748
"502",1992-10-01,1992,"Oct",-0.25,"Neutral Phase",-1.4,-0.96898904
"503",1992-09-01,1992,"Sep",-0.133333333333333,"Neutral Phase",0.1,-0.94662956
"504",1993-04-01,1993,"Apr",0.673333333333333,"Warm Phase/El Nino",-1.2,-0.75883626
"505",1993-08-01,1993,"Aug",0.256666666666667,"Neutral Phase",-0.9,-1.5143229
"506",1993-12-01,1993,"Dec",0.0566666666666667,"Neutral Phase",0.2,-2.0005526
"507",1993-02-01,1993,"Feb",0.293333333333333,"Neutral Phase",-0.7,-2.1408178
"508",1993-01-01,1993,"Jan",0.09,"Neutral Phase",-0.9,-2.8169835
"509",1993-07-01,1993,"Jul",0.32,"Neutral Phase",-0.8,-1.6785552
"510",1993-06-01,1993,"Jun",0.573333333333333,"Warm Phase/El Nino",-0.8,-1.6821039
"511",1993-03-01,1993,"Mar",0.496666666666667,"Neutral Phase",-0.5,-1.7419109
"512",1993-05-01,1993,"May",0.7,"Warm Phase/El Nino",-0.3,-1.0894275
"513",1993-11-01,1993,"Nov",0.0433333333333333,"Neutral Phase",-0.1,-2.9986692
"514",1993-10-01,1993,"Oct",0.106666666666667,"Neutral Phase",-1.1,-2.3542966
"515",1993-09-01,1993,"Sep",0.153333333333333,"Neutral Phase",-0.7,-2.0474347
"516",1994-04-01,1994,"Apr",0.306666666666667,"Neutral Phase",-1.3,-1.4470739
"517",1994-08-01,1994,"Aug",0.433333333333333,"Neutral Phase",-1.2,-0.85876787
"518",1994-12-01,1994,"Dec",1.09333333333333,"Warm Phase/El Nino",-1.2,-1.0167549
"519",1994-02-01,1994,"Feb",0.0666666666666667,"Neutral Phase",0.3,-1.9786652
"520",1994-01-01,1994,"Jan",0.0633333333333333,"Neutral Phase",-0.1,-1.8540143
"521",1994-07-01,1994,"Jul",0.443333333333333,"Neutral Phase",-1.3,-0.71112965
"522",1994-06-01,1994,"Jun",0.406666666666667,"Neutral Phase",-0.4,-0.61160343
"523",1994-03-01,1994,"Mar",0.173333333333333,"Neutral Phase",-0.7,-1.8557886
"524",1994-05-01,1994,"May",0.416666666666667,"Neutral Phase",-0.7,-0.30135894
"525",1994-11-01,1994,"Nov",1.00333333333333,"Warm Phase/El Nino",-0.6,-1.6884391
"526",1994-10-01,1994,"Oct",0.743333333333333,"Warm Phase/El Nino",-1.1,-1.1107256
"527",1994-09-01,1994,"Sep",0.553333333333333,"Warm Phase/El Nino",-1.6,-1.1048639
"528",1995-04-01,1995,"Apr",0.303333333333333,"Neutral Phase",-0.7,-1.8249588
"529",1995-08-01,1995,"Aug",-0.54,"Cool Phase/La Nina",0.3,-1.0060149
"530",1995-12-01,1995,"Dec",-0.986666666666667,"Cool Phase/La Nina",-0.5,0.21576192
"531",1995-02-01,1995,"Feb",0.723333333333333,"Warm Phase/El Nino",-0.1,-1.5608722
"532",1995-01-01,1995,"Jan",0.96,"Warm Phase/El Nino",-0.4,-0.49903343
"533",1995-07-01,1995,"Jul",-0.243333333333333,"Neutral Phase",0.4,-1.4994407
"534",1995-06-01,1995,"Jun",-0.0333333333333333,"Neutral Phase",0.1,-1.0479894
"535",1995-03-01,1995,"Mar",0.533333333333333,"Warm Phase/El Nino",0.8,-2.0546501
"536",1995-05-01,1995,"May",0.14,"Neutral Phase",-0.4,-1.5042438
"537",1995-11-01,1995,"Nov",-1.00666666666667,"Cool Phase/La Nina",0,-0.2774263
"538",1995-10-01,1995,"Oct",-0.973333333333333,"Cool Phase/La Nina",0,-0.51771379
"539",1995-09-01,1995,"Sep",-0.81,"Cool Phase/La Nina",0.3,-0.89392105
"540",1996-04-01,1996,"Apr",-0.393333333333333,"Neutral Phase",0.8,-0.43611656
"541",1996-08-01,1996,"Aug",-0.323333333333333,"Neutral Phase",0.7,-0.74825013
"542",1996-12-01,1996,"Dec",-0.496666666666667,"Neutral Phase",0.9,-1.3549181
"543",1996-02-01,1996,"Feb",-0.756666666666667,"Cool Phase/La Nina",0.3,-1.0529048
"544",1996-01-01,1996,"Jan",-0.903333333333333,"Cool Phase/La Nina",1,-0.63897712
"545",1996-07-01,1996,"Jul",-0.273333333333333,"Neutral Phase",0.7,-0.88413569
"546",1996-06-01,1996,"Jun",-0.293333333333333,"Neutral Phase",1.2,-1.0600342
"547",1996-03-01,1996,"Mar",-0.59,"Cool Phase/La Nina",1.1,-1.1487637
"548",1996-05-01,1996,"May",-0.306666666666667,"Neutral Phase",0.3,-1.2747659
"549",1996-11-01,1996,"Nov",-0.45,"Neutral Phase",-0.1,-1.1001672
"550",1996-10-01,1996,"Oct",-0.396666666666667,"Neutral Phase",0.6,-1.0410775
"551",1996-09-01,1996,"Sep",-0.35,"Neutral Phase",0.6,-0.93392844
"552",1997-04-01,1997,"Apr",0.276666666666667,"Neutral Phase",-0.6,-0.5061382
"553",1997-08-01,1997,"Aug",1.9,"Warm Phase/El Nino",-1.4,-0.7858272
"554",1997-12-01,1997,"Dec",2.39,"Warm Phase/El Nino",-1,0.26068165
"555",1997-02-01,1997,"Feb",-0.366666666666667,"Neutral Phase",1.7,-1.1130951
"556",1997-01-01,1997,"Jan",-0.503333333333333,"Cool Phase/La Nina",0.5,-1.6402249
"557",1997-07-01,1997,"Jul",1.6,"Warm Phase/El Nino",-0.8,-0.77236159
"558",1997-06-01,1997,"Jun",1.21666666666667,"Warm Phase/El Nino",-1.4,-0.93839334
"559",1997-03-01,1997,"Mar",-0.0966666666666667,"Neutral Phase",-0.4,-0.61802828
"560",1997-05-01,1997,"May",0.75,"Warm Phase/El Nino",-1.3,-0.87719416
"561",1997-11-01,1997,"Nov",2.4,"Warm Phase/El Nino",-1.2,0.17402893
"562",1997-10-01,1997,"Oct",2.33333333333333,"Warm Phase/El Nino",-1.5,-0.59425899
"563",1997-09-01,1997,"Sep",2.14333333333333,"Warm Phase/El Nino",-1.4,-0.48147621
"564",1998-04-01,1998,"Apr",0.993333333333333,"Warm Phase/El Nino",-1.4,0.52151313
"565",1998-08-01,1998,"Aug",-1.12333333333333,"Cool Phase/La Nina",1.2,0.27265688
"566",1998-12-01,1998,"Dec",-1.57,"Cool Phase/La Nina",1.4,0.76883039
"567",1998-02-01,1998,"Feb",1.92666666666667,"Warm Phase/El Nino",-2,1.9000587
"568",1998-01-01,1998,"Jan",2.24,"Warm Phase/El Nino",-2.7,0.52791423
"569",1998-07-01,1998,"Jul",-0.783333333333333,"Cool Phase/La Nina",1.2,0.39316174
"570",1998-06-01,1998,"Jun",-0.133333333333333,"Neutral Phase",1,0.11902247
"571",1998-03-01,1998,"Mar",1.43666666666667,"Warm Phase/El Nino",-2.4,0.89331784
"572",1998-05-01,1998,"May",0.453333333333333,"Neutral Phase",0.3,0.27758158
"573",1998-11-01,1998,"Nov",-1.47666666666667,"Cool Phase/La Nina",1,0.71735091
"574",1998-10-01,1998,"Oct",-1.35,"Cool Phase/La Nina",1.1,0.098751134
"575",1998-09-01,1998,"Sep",-1.30666666666667,"Cool Phase/La Nina",1,0.044480388
"576",1999-04-01,1999,"Apr",-0.973333333333333,"Cool Phase/La Nina",1.4,1.6464381
"577",1999-08-01,1999,"Aug",-1.11,"Cool Phase/La Nina",0.4,1.4334654
"578",1999-12-01,1999,"Dec",-1.65666666666667,"Cool Phase/La Nina",1.4,1.0528054
"579",1999-02-01,1999,"Feb",-1.3,"Cool Phase/La Nina",1,2.3041594
"580",1999-01-01,1999,"Jan",-1.54666666666667,"Cool Phase/La Nina",1.8,1.0828257
"581",1999-07-01,1999,"Jul",-1.09666666666667,"Cool Phase/La Nina",0.5,1.3811213
"582",1999-06-01,1999,"Jun",-1.04,"Cool Phase/La Nina",0.3,1.9053233
"583",1999-03-01,1999,"Mar",-1.07,"Cool Phase/La Nina",1.3,1.9742975
"584",1999-05-01,1999,"May",-1.02333333333333,"Cool Phase/La Nina",0.2,1.6045933
"585",1999-11-01,1999,"Nov",-1.46333333333333,"Cool Phase/La Nina",1,1.3205504
"586",1999-10-01,1999,"Oct",-1.26,"Cool Phase/La Nina",1,1.1788208
"587",1999-09-01,1999,"Sep",-1.15666666666667,"Cool Phase/La Nina",-0.1,1.3049656
"588",2000-04-01,2000,"Apr",-0.806666666666667,"Cool Phase/La Nina",1.2,2.3652705
"589",2000-08-01,2000,"Aug",-0.513333333333333,"Cool Phase/La Nina",0.7,1.3516272
"590",2000-12-01,2000,"Dec",-0.74,"Cool Phase/La Nina",0.8,2.164995
"591",2000-02-01,2000,"Feb",-1.41,"Cool Phase/La Nina",1.7,2.1235311
"592",2000-01-01,2000,"Jan",-1.66666666666667,"Cool Phase/La Nina",0.7,1.4045384
"593",2000-07-01,2000,"Jul",-0.553333333333333,"Cool Phase/La Nina",-0.2,1.655785
"594",2000-06-01,2000,"Jun",-0.643333333333333,"Cool Phase/La Nina",-0.2,2.1020662
"595",2000-03-01,2000,"Mar",-1.07,"Cool Phase/La Nina",1.3,2.1492677
"596",2000-05-01,2000,"May",-0.71,"Cool Phase/La Nina",0.4,2.220292
"597",2000-11-01,2000,"Nov",-0.746666666666667,"Cool Phase/La Nina",1.8,2.0145948
"598",2000-10-01,2000,"Oct",-0.626666666666667,"Cool Phase/La Nina",1.1,1.6981881
"599",2000-09-01,2000,"Sep",-0.546666666666667,"Cool Phase/La Nina",0.9,1.3801795
"600",2001-04-01,2001,"Apr",-0.34,"Neutral Phase",0.2,2.2039413
"601",2001-08-01,2001,"Aug",-0.13,"Neutral Phase",-0.4,1.9150242
"602",2001-12-01,2001,"Dec",-0.306666666666667,"Neutral Phase",-0.8,2.0194831
"603",2001-02-01,2001,"Feb",-0.516666666666667,"Cool Phase/La Nina",1.7,2.9560468
"604",2001-01-01,2001,"Jan",-0.68,"Cool Phase/La Nina",1,2.8619328
"605",2001-07-01,2001,"Jul",-0.0733333333333333,"Neutral Phase",-0.2,1.5004872
"606",2001-06-01,2001,"Jun",-0.12,"Neutral Phase",0.3,2.349303
"607",2001-03-01,2001,"Mar",-0.436666666666667,"Neutral Phase",0.9,2.388775
"608",2001-05-01,2001,"May",-0.246666666666667,"Neutral Phase",-0.5,1.9538953
"609",2001-11-01,2001,"Nov",-0.35,"Neutral Phase",0.7,1.7645249
"610",2001-10-01,2001,"Oct",-0.29,"Neutral Phase",0,1.1619115
"611",2001-09-01,2001,"Sep",-0.186666666666667,"Neutral Phase",0.2,1.8929954
"612",2002-04-01,2002,"Apr",0.203333333333333,"Neutral Phase",-0.1,0.89742216
"613",2002-08-01,2002,"Aug",0.863333333333333,"Warm Phase/El Nino",-1,0.81184355
"614",2002-12-01,2002,"Dec",1.14,"Warm Phase/El Nino",-1.1,2.6365472
"615",2002-02-01,2002,"Feb",0.0333333333333333,"Neutral Phase",1.1,2.1773568
"616",2002-01-01,2002,"Jan",-0.15,"Neutral Phase",0.4,1.8641573
"617",2002-07-01,2002,"Jul",0.79,"Warm Phase/El Nino",-0.5,1.3822965
"618",2002-06-01,2002,"Jun",0.653333333333333,"Warm Phase/El Nino",-0.2,1.6053913
"619",2002-03-01,2002,"Mar",0.09,"Neutral Phase",-0.2,1.8982763
"620",2002-05-01,2002,"May",0.436666666666667,"Neutral Phase",-0.8,1.102573
"621",2002-11-01,2002,"Nov",1.30666666666667,"Warm Phase/El Nino",-0.5,1.6592152
"622",2002-10-01,2002,"Oct",1.20666666666667,"Warm Phase/El Nino",-0.4,0.82363712
"623",2002-09-01,2002,"Sep",1.00666666666667,"Warm Phase/El Nino",-0.6,0.82441109
"624",2003-04-01,2003,"Apr",-0.04,"Neutral Phase",-0.1,1.1017217
"625",2003-08-01,2003,"Aug",0.21,"Neutral Phase",0.1,0.78228794
"626",2003-12-01,2003,"Dec",0.35,"Neutral Phase",1.1,0.22437689
"627",2003-02-01,2003,"Feb",0.63,"Warm Phase/El Nino",-0.7,0.99256558
"628",2003-01-01,2003,"Jan",0.916666666666667,"Warm Phase/El Nino",-0.2,1.9691832
"629",2003-07-01,2003,"Jul",0.0766666666666667,"Neutral Phase",0.3,1.2024408
"630",2003-06-01,2003,"Jun",-0.163333333333333,"Neutral Phase",-0.6,0.77769152
"631",2003-03-01,2003,"Mar",0.38,"Neutral Phase",-0.3,1.4907114
"632",2003-05-01,2003,"May",-0.26,"Neutral Phase",-0.3,0.9192588
"633",2003-11-01,2003,"Nov",0.35,"Neutral Phase",-0.3,-0.11436786
"634",2003-10-01,2003,"Oct",0.286666666666667,"Neutral Phase",0,1.286991
"635",2003-09-01,2003,"Sep",0.256666666666667,"Neutral Phase",-0.1,0.8692253
"636",2004-04-01,2004,"Apr",0.17,"Neutral Phase",-0.9,0.12524921
"637",2004-08-01,2004,"Aug",0.643333333333333,"Warm Phase/El Nino",-0.3,0.68538324
"638",2004-12-01,2004,"Dec",0.686666666666667,"Warm Phase/El Nino",-0.8,-0.98521195
"639",2004-02-01,2004,"Feb",0.31,"Neutral Phase",1.2,0.66722957
"640",2004-01-01,2004,"Jan",0.366666666666667,"Neutral Phase",-1.3,0.26501486
"641",2004-07-01,2004,"Jul",0.47,"Neutral Phase",-0.5,0.41156805
"642",2004-06-01,2004,"Jun",0.283333333333333,"Neutral Phase",-0.8,0.77647507
"643",2004-03-01,2004,"Mar",0.236666666666667,"Neutral Phase",0.4,0.38293237
"644",2004-05-01,2004,"May",0.166666666666667,"Neutral Phase",1,0.20735337
"645",2004-11-01,2004,"Nov",0.66,"Warm Phase/El Nino",-0.7,-0.44177726
"646",2004-10-01,2004,"Oct",0.67,"Warm Phase/El Nino",-0.1,0.042904182
"647",2004-09-01,2004,"Sep",0.7,"Warm Phase/El Nino",-0.3,0.37640228
"648",2005-04-01,2005,"Apr",0.423333333333333,"Neutral Phase",-0.6,-1.6856388
"649",2005-08-01,2005,"Aug",-0.133333333333333,"Neutral Phase",-0.3,-1.1301204
"650",2005-12-01,2005,"Dec",-0.84,"Cool Phase/La Nina",0,-1.2525514
"651",2005-02-01,2005,"Feb",0.583333333333333,"Warm Phase/El Nino",-3.1,-1.4948708
"652",2005-01-01,2005,"Jan",0.636666666666667,"Warm Phase/El Nino",0.3,-1.658495
"653",2005-07-01,2005,"Jul",-0.0566666666666667,"Neutral Phase",0.2,-1.6634296
"654",2005-06-01,2005,"Jun",0.106666666666667,"Neutral Phase",0.4,-1.2838288
"655",2005-03-01,2005,"Mar",0.446666666666667,"Neutral Phase",0.3,-1.4866191
"656",2005-05-01,2005,"May",0.286666666666667,"Neutral Phase",-0.8,-0.78952824
"657",2005-11-01,2005,"Nov",-0.57,"Cool Phase/La Nina",-0.2,-1.6606414
"658",2005-10-01,2005,"Oct",-0.283333333333333,"Neutral Phase",1.2,-0.88912168
"659",2005-09-01,2005,"Sep",-0.103333333333333,"Neutral Phase",0.4,-1.5725517
"660",2006-04-01,2006,"Apr",-0.373333333333333,"Neutral Phase",1.1,-0.56588893
"661",2006-08-01,2006,"Aug",0.306666666666667,"Neutral Phase",-1,-0.36663439
"662",2006-12-01,2006,"Dec",0.943333333333333,"Warm Phase/El Nino",-0.3,-0.15556898
"663",2006-02-01,2006,"Feb",-0.763333333333333,"Cool Phase/La Nina",0.1,-1.0694347
"664",2006-01-01,2006,"Jan",-0.85,"Cool Phase/La Nina",1.7,-0.64599122
"665",2006-07-01,2006,"Jul",0.106666666666667,"Neutral Phase",-0.6,-0.49903284
"666",2006-06-01,2006,"Jun",-0.0266666666666667,"Neutral Phase",-0.2,-0.12747487
"667",2006-03-01,2006,"Mar",-0.566666666666667,"Cool Phase/La Nina",1.8,-0.70992726
"668",2006-05-01,2006,"May",-0.136666666666667,"Neutral Phase",-0.5,-0.12194259
"669",2006-11-01,2006,"Nov",0.943333333333333,"Warm Phase/El Nino",0.1,-0.99593322
"670",2006-10-01,2006,"Oct",0.763333333333333,"Warm Phase/El Nino",-1.3,-1.0490722
"671",2006-09-01,2006,"Sep",0.536666666666667,"Warm Phase/El Nino",-0.6,-0.33957171
"672",2007-04-01,2007,"Apr",-0.32,"Neutral Phase",-0.1,0.26062231
"673",2007-08-01,2007,"Aug",-0.806666666666667,"Cool Phase/La Nina",0.4,1.4400573
"674",2007-12-01,2007,"Dec",-1.59666666666667,"Cool Phase/La Nina",1.7,0.4576465
"675",2007-02-01,2007,"Feb",0.216666666666667,"Neutral Phase",-0.1,-0.13701057
"676",2007-01-01,2007,"Jan",0.656666666666667,"Warm Phase/El Nino",-0.8,-0.41231314
"677",2007-07-01,2007,"Jul",-0.556666666666667,"Cool Phase/La Nina",-0.3,1.2293291
"678",2007-06-01,2007,"Jun",-0.473333333333333,"Neutral Phase",0.5,1.2322548
"679",2007-03-01,2007,"Mar",-0.12,"Neutral Phase",0.2,-0.54937636
"680",2007-05-01,2007,"May",-0.38,"Neutral Phase",-0.1,0.69161135
"681",2007-11-01,2007,"Nov",-1.5,"Cool Phase/La Nina",0.9,0.72848516
"682",2007-10-01,2007,"Oct",-1.34333333333333,"Cool Phase/La Nina",0.7,1.268781
"683",2007-09-01,2007,"Sep",-1.07333333333333,"Cool Phase/La Nina",0.2,0.90904047
"684",2008-04-01,2008,"Apr",-1.01333333333333,"Cool Phase/La Nina",0.7,1.3956119
"685",2008-08-01,2008,"Aug",-0.226666666666667,"Neutral Phase",1,2.1438271
"686",2008-12-01,2008,"Dec",-0.736666666666667,"Cool Phase/La Nina",1.4,0.44878735
"687",2008-02-01,2008,"Feb",-1.51666666666667,"Cool Phase/La Nina",2.6,1.1353947
"688",2008-01-01,2008,"Jan",-1.64,"Cool Phase/La Nina",1.8,0.55559535
"689",2008-07-01,2008,"Jul",-0.37,"Neutral Phase",0.3,1.4275373
"690",2008-06-01,2008,"Jun",-0.606666666666667,"Cool Phase/La Nina",0.6,1.2784121
"691",2008-03-01,2008,"Mar",-1.28666666666667,"Cool Phase/La Nina",1.4,1.3742118
"692",2008-05-01,2008,"May",-0.836666666666667,"Cool Phase/La Nina",-0.1,1.7381006
"693",2008-11-01,2008,"Nov",-0.556666666666667,"Cool Phase/La Nina",1.3,1.9696127
"694",2008-10-01,2008,"Oct",-0.353333333333333,"Neutral Phase",1.3,1.7656263
"695",2008-09-01,2008,"Sep",-0.243333333333333,"Neutral Phase",1.2,2.2271197
"696",2009-04-01,2009,"Apr",-0.33,"Neutral Phase",0.8,0.41563613
"697",2009-08-01,2009,"Aug",0.573333333333333,"Warm Phase/El Nino",-0.2,0.71776492
"698",2009-12-01,2009,"Dec",1.56333333333333,"Warm Phase/El Nino",-0.7,1.063178
"699",2009-02-01,2009,"Feb",-0.793333333333333,"Cool Phase/La Nina",1.9,0.90853572
"700",2009-01-01,2009,"Jan",-0.846666666666667,"Cool Phase/La Nina",1.1,0.72178141
"701",2009-07-01,2009,"Jul",0.45,"Neutral Phase",0.2,0.55998986
"702",2009-06-01,2009,"Jun",0.283333333333333,"Neutral Phase",0.1,0.36989138
"703",2009-03-01,2009,"Mar",-0.613333333333333,"Cool Phase/La Nina",0.4,0.33069035
"704",2009-05-01,2009,"May",0.00666666666666667,"Neutral Phase",-0.1,0.55442008
"705",2009-11-01,2009,"Nov",1.35666666666667,"Warm Phase/El Nino",-0.6,1.0548407
"706",2009-10-01,2009,"Oct",1.00666666666667,"Warm Phase/El Nino",-1.2,1.1541453
"707",2009-09-01,2009,"Sep",0.71,"Warm Phase/El Nino",0.3,0.98445633
"708",2010-04-01,2010,"Apr",0.353333333333333,"Neutral Phase",1.2,1.1788223
"709",2010-08-01,2010,"Aug",-1.34666666666667,"Cool Phase/La Nina",1.8,1.0779035
"710",2010-12-01,2010,"Dec",-1.59333333333333,"Cool Phase/La Nina",2.9,0.77962672
"711",2010-02-01,2010,"Feb",1.22,"Warm Phase/El Nino",-1.5,1.8397684
"712",2010-01-01,2010,"Jan",1.49666666666667,"Warm Phase/El Nino",-1.1,2.0640119
"713",2010-07-01,2010,"Jul",-1.04666666666667,"Cool Phase/La Nina",1.8,1.1456281
"714",2010-06-01,2010,"Jun",-0.66,"Cool Phase/La Nina",0.4,1.2382043
"715",2010-03-01,2010,"Mar",0.843333333333333,"Warm Phase/El Nino",-0.7,1.6540684
"716",2010-05-01,2010,"May",-0.176666666666667,"Neutral Phase",0.9,1.8660236
"717",2010-11-01,2010,"Nov",-1.64333333333333,"Cool Phase/La Nina",1.3,0.98803369
"718",2010-10-01,2010,"Oct",-1.64,"Cool Phase/La Nina",1.7,1.6059417
"719",2010-09-01,2010,"Sep",-1.55333333333333,"Cool Phase/La Nina",2.2,1.0036749
"720",2011-04-01,2011,"Apr",-0.733333333333333,"Cool Phase/La Nina",1.9,0.59585684
"721",2011-08-01,2011,"Aug",-0.62,"Cool Phase/La Nina",0.4,1.036257
"722",2011-12-01,2011,"Dec",-1.03333333333333,"Cool Phase/La Nina",2.5,0.13153608
"723",2011-02-01,2011,"Feb",-1.19,"Cool Phase/La Nina",2.7,0.54944886
"724",2011-01-01,2011,"Jan",-1.41666666666667,"Cool Phase/La Nina",2.3,0.32143704
"725",2011-07-01,2011,"Jul",-0.48,"Neutral Phase",1,1.0354089
"726",2011-06-01,2011,"Jun",-0.44,"Neutral Phase",0.2,1.1129413
"727",2011-03-01,2011,"Mar",-0.93,"Cool Phase/La Nina",2.5,1.2026043
"728",2011-05-01,2011,"May",-0.553333333333333,"Cool Phase/La Nina",0.4,1.3947862
"729",2011-11-01,2011,"Nov",-1.09333333333333,"Cool Phase/La Nina",1.1,0.37417793
"730",2011-10-01,2011,"Oct",-1.01,"Cool Phase/La Nina",0.8,1.2045161
"731",2011-09-01,2011,"Sep",-0.83,"Cool Phase/La Nina",1,1.3281108
"732",2012-04-01,2012,"Apr",-0.473333333333333,"Neutral Phase",-0.3,1.9264089
"733",2012-08-01,2012,"Aug",0.366666666666667,"Neutral Phase",-0.2,1.7305455
"734",2012-12-01,2012,"Dec",-0.21,"Neutral Phase",-0.6,1.2003042
"735",2012-02-01,2012,"Feb",-0.716666666666667,"Cool Phase/La Nina",0.5,0.86243405
"736",2012-01-01,2012,"Jan",-0.863333333333333,"Cool Phase/La Nina",1.1,0.83337844
"737",2012-07-01,2012,"Jul",0.246666666666667,"Neutral Phase",0,1.8605661
"738",2012-06-01,2012,"Jun",-0.0166666666666667,"Neutral Phase",-0.4,1.938326
"739",2012-03-01,2012,"Mar",-0.59,"Cool Phase/La Nina",0.7,1.1165134
"740",2012-05-01,2012,"May",-0.263333333333333,"Neutral Phase",0,1.6274147
"741",2012-11-01,2012,"Nov",0.0533333333333333,"Neutral Phase",0.3,1.401837
"742",2012-10-01,2012,"Oct",0.263333333333333,"Neutral Phase",0.3,1.8664464
"743",2012-09-01,2012,"Sep",0.37,"Neutral Phase",0.2,1.3583948
"744",2013-04-01,2013,"Apr",-0.3,"Neutral Phase",0.2,0.4757454
"745",2013-08-01,2013,"Aug",-0.316666666666667,"Neutral Phase",0.2,0.56139213
"746",2013-12-01,2013,"Dec",-0.266666666666667,"Neutral Phase",0.1,-1.452561
"747",2013-02-01,2013,"Feb",-0.43,"Neutral Phase",-0.2,1.2033246
"748",2013-01-01,2013,"Jan",-0.43,"Neutral Phase",-0.1,1.2303061
"749",2013-07-01,2013,"Jul",-0.4,"Neutral Phase",0.8,0.45082111
"750",2013-06-01,2013,"Jun",-0.406666666666667,"Neutral Phase",1.2,0.72592328
"751",2013-03-01,2013,"Mar",-0.336666666666667,"Neutral Phase",1.5,0.64198749
"752",2013-05-01,2013,"May",-0.36,"Neutral Phase",0.8,0.85171232
"753",2013-11-01,2013,"Nov",-0.17,"Neutral Phase",0.7,-0.80505602
"754",2013-10-01,2013,"Oct",-0.173333333333333,"Neutral Phase",-0.1,-0.14750892
"755",2013-09-01,2013,"Sep",-0.253333333333333,"Neutral Phase",0.3,0.38985903
"756",2014-04-01,2014,"Apr",0.0433333333333333,"Neutral Phase",0.8,-0.6174035
"757",2014-08-01,2014,"Aug",0.0666666666666667,"Neutral Phase",-0.7,-0.54494684
"758",2014-12-01,2014,"Dec",0.66,"Warm Phase/El Nino",-0.6,-0.35483813
"759",2014-02-01,2014,"Feb",-0.46,"Neutral Phase",0.1,-0.26724356
"760",2014-01-01,2014,"Jan",-0.423333333333333,"Neutral Phase",1.4,-0.38996919
"761",2014-07-01,2014,"Jul",0.0466666666666667,"Neutral Phase",-0.2,-0.13326054
"762",2014-06-01,2014,"Jun",0.163333333333333,"Neutral Phase",0.2,-0.41683559
"763",2014-03-01,2014,"Mar",-0.266666666666667,"Neutral Phase",-0.9,-0.45401739
"764",2014-05-01,2014,"May",0.213333333333333,"Neutral Phase",0.5,0.22783033
"765",2014-11-01,2014,"Nov",0.636666666666667,"Warm Phase/El Nino",-0.9,0.31181371
"766",2014-10-01,2014,"Oct",0.493333333333333,"Neutral Phase",-0.6,0.42525704
"767",2014-09-01,2014,"Sep",0.233333333333333,"Neutral Phase",-0.7,-0.77647484
"768",2015-04-01,2015,"Apr",0.696666666666667,"Warm Phase/El Nino",0,-1.3779456
"769",2015-08-01,2015,"Aug",1.86,"Warm Phase/El Nino",-1.4,-1.9276433
"770",2015-12-01,2015,"Dec",2.64,"Warm Phase/El Nino",-0.6,-1.1054027
"771",2015-02-01,2015,"Feb",0.466666666666667,"Neutral Phase",0.2,-1.2726712
"772",2015-01-01,2015,"Jan",0.55,"Warm Phase/El Nino",-0.8,-0.55025703
"773",2015-07-01,2015,"Jul",1.51666666666667,"Warm Phase/El Nino",-1.1,-1.4735073
"774",2015-06-01,2015,"Jun",1.18,"Warm Phase/El Nino",-0.6,-1.2491977
"775",2015-03-01,2015,"Mar",0.53,"Warm Phase/El Nino",-0.7,-1.3949461
"776",2015-05-01,2015,"May",0.93,"Warm Phase/El Nino",-0.7,-0.71954145
"777",2015-11-01,2015,"Nov",2.57333333333333,"Warm Phase/El Nino",-0.5,-2.2533168
"778",2015-10-01,2015,"Oct",2.42333333333333,"Warm Phase/El Nino",-1.7,-1.3062118
"779",2015-09-01,2015,"Sep",2.16333333333333,"Warm Phase/El Nino",-1.6,-2.10385
"780",2016-04-01,2016,"Apr",0.936666666666667,"Warm Phase/El Nino",-1.2,-0.39984827
"781",2016-08-01,2016,"Aug",-0.536666666666667,"Cool Phase/La Nina",0.7,-0.54363312
"782",2016-12-01,2016,"Dec",-0.563333333333333,"Cool Phase/La Nina",0.3,-1.540838
"783",2016-02-01,2016,"Feb",2.13666666666667,"Warm Phase/El Nino",-2,0.22969097
"784",2016-01-01,2016,"Jan",2.48333333333333,"Warm Phase/El Nino",-2.2,0.93888757
"785",2016-07-01,2016,"Jul",-0.356666666666667,"Neutral Phase",0.4,-0.48643932
"786",2016-06-01,2016,"Jun",-0.0666666666666667,"Neutral Phase",0.6,-0.95777129
"787",2016-03-01,2016,"Mar",1.58333333333333,"Warm Phase/El Nino",-0.1,0.47342201
"788",2016-05-01,2016,"May",0.39,"Neutral Phase",0.4,-0.68192827
"789",2016-11-01,2016,"Nov",-0.666666666666667,"Cool Phase/La Nina",-0.1,1.1604373
"790",2016-10-01,2016,"Oct",-0.69,"Cool Phase/La Nina",-0.3,0.3527754
"791",2016-09-01,2016,"Sep",-0.626666666666667,"Cool Phase/La Nina",1.2,-0.77327726
"792",2017-04-01,2017,"Apr",0.2,"Neutral Phase",-0.2,-0.11263396
"793",2017-08-01,2017,"Aug",-0.113333333333333,"Neutral Phase",0.5,-0.53107789
"794",2017-12-01,2017,"Dec",-0.976666666666667,"Cool Phase/La Nina",-0.1,-2.6851348
"795",2017-02-01,2017,"Feb",-0.16,"Neutral Phase",-0.1,-0.67060799
"796",2017-01-01,2017,"Jan",-0.336666666666667,"Neutral Phase",0.2,-0.26638853
"797",2017-07-01,2017,"Jul",0.14,"Neutral Phase",0.8,-0.44498774
"798",2017-06-01,2017,"Jun",0.313333333333333,"Neutral Phase",-0.4,-0.2945526
"799",2017-03-01,2017,"Mar",0.0533333333333333,"Neutral Phase",0.9,-0.89422474
"800",2017-05-01,2017,"May",0.3,"Neutral Phase",0.3,-0.45770927
"801",2017-11-01,2017,"Nov",-0.836666666666667,"Cool Phase/La Nina",0.9,-2.0575759
"802",2017-10-01,2017,"Oct",-0.65,"Cool Phase/La Nina",0.9,-1.4104447
"803",2017-09-01,2017,"Sep",-0.383333333333333,"Neutral Phase",0.6,-0.5257936
"804",2018-04-01,2018,"Apr",-0.503333333333333,"Cool Phase/La Nina",0.5,-2.0587792
"805",2018-08-01,2018,"Aug",0.226666666666667,"Neutral Phase",-0.3,-2.1246452
"806",2018-12-01,2018,"Dec",0.813333333333333,"Warm Phase/El Nino",1,-1.0830255
"807",2018-02-01,2018,"Feb",-0.853333333333333,"Cool Phase/La Nina",-0.5,-2.2327564
"808",2018-01-01,2018,"Jan",-0.916666666666667,"Cool Phase/La Nina",1.1,-1.4850568
"809",2018-07-01,2018,"Jul",0.0866666666666667,"Neutral Phase",0.2,-1.5719998
"810",2018-06-01,2018,"Jun",-0.01,"Neutral Phase",-0.1,-1.934415
"811",2018-03-01,2018,"Mar",-0.696666666666667,"Cool Phase/La Nina",1.5,-2.0429687
"812",2018-05-01,2018,"May",-0.22,"Neutral Phase",0.4,-1.9215388
"813",2018-11-01,2018,"Nov",0.896666666666667,"Warm Phase/El Nino",-0.1,-1.7539675
"814",2018-10-01,2018,"Oct",0.756666666666667,"Warm Phase/El Nino",0.4,-2.3381128
"815",2018-09-01,2018,"Sep",0.486666666666667,"Neutral Phase",-0.9,-2.3284792
"816",2019-04-01,2019,"Apr",0.656666666666667,"Warm Phase/El Nino",0.1,-2.1538644
"817",2019-08-01,2019,"Aug",0.143333333333333,"Neutral Phase",-0.1,-2.0514802
"818",2019-12-01,2019,"Dec",0.546666666666667,"Warm Phase/El Nino",-0.6,-2.5347718
"819",2019-02-01,2019,"Feb",0.72,"Warm Phase/El Nino",-1.4,-2.5719899
"820",2019-01-01,2019,"Jan",0.75,"Warm Phase/El Nino",0,-0.85762294
"821",2019-07-01,2019,"Jul",0.28,"Neutral Phase",-0.4,-2.1571886
"822",2019-06-01,2019,"Jun",0.45,"Neutral Phase",-0.5,-2.3545242
"823",2019-03-01,2019,"Mar",0.71,"Warm Phase/El Nino",-0.3,-1.9929292
"824",2019-05-01,2019,"May",0.54,"Warm Phase/El Nino",-0.4,-1.857541
"825",2019-11-01,2019,"Nov",0.506666666666667,"Warm Phase/El Nino",-0.8,-3.3696878
"826",2019-10-01,2019,"Oct",0.346666666666667,"Neutral Phase",-0.4,-2.5795644
"827",2019-09-01,2019,"Sep",0.186666666666667,"Neutral Phase",-1.2,-2.5223064
"828",2020-04-01,2020,"Apr",0.19,"Neutral Phase",0.2,-1.8828032
"829",2020-08-01,2020,"Aug",-0.573333333333333,"Cool Phase/La Nina",1.1,-1.1986281
"830",2020-12-01,2020,"Dec",-1.19,"Cool Phase/La Nina",1.8,-1.7978393
"831",2020-02-01,2020,"Feb",0.483333333333333,"Neutral Phase",-0.1,-2.3324025
"832",2020-01-01,2020,"Jan",0.496666666666667,"Neutral Phase",0.2,-1.5246526
"833",2020-07-01,2020,"Jul",-0.41,"Neutral Phase",0.4,-1.8366799
"834",2020-06-01,2020,"Jun",-0.303333333333333,"Neutral Phase",-0.4,-1.7740734
"835",2020-03-01,2020,"Mar",0.403333333333333,"Neutral Phase",-0.1,-1.8538374
"836",2020-05-01,2020,"May",-0.0833333333333333,"Neutral Phase",0.4,-1.3528002
"837",2020-11-01,2020,"Nov",-1.27333333333333,"Cool Phase/La Nina",0.7,-2.8308975
"838",2020-10-01,2020,"Oct",-1.16666666666667,"Cool Phase/La Nina",0.5,-1.4688087
"839",2020-09-01,2020,"Sep",-0.89,"Cool Phase/La Nina",0.9,-1.2468324
"840",2021-04-01,2021,"Apr",-0.653333333333333,"Cool Phase/La Nina",0.3,-1.8958936
"841",2021-02-01,2021,"Feb",-0.93,"Cool Phase/La Nina",1.5,-1.1992391
"842",2021-01-01,2021,"Jan",-1.05,"Cool Phase/La Nina",1.9,-0.51445508
"843",2021-06-01,2021,"Jun",-0.373333333333333,"Neutral Phase",0.4,-0.23016815
"844",2021-03-01,2021,"Mar",-0.833333333333333,"Cool Phase/La Nina",0.4,-0.77232424
"845",2021-05-01,2021,"May",-0.483333333333333,"Neutral Phase",0.5,-0.73937485
